"son_apriori_25K40_10","son_apriori",,"/home/cesare/Projects/apriori-and-sons/data/benchmark/25K40.txt","0.1","/home/cesare/Projects/apriori-and-sons/result/son_apriori_25K40_10","success","81","136.37762308120728"
"son_apriori_100K40_10","son_apriori",,"/home/cesare/Projects/apriori-and-sons/data/benchmark/100K40.txt","0.1","/home/cesare/Projects/apriori-and-sons/result/son_apriori_100K40_10","success","82","939.8643205165863"
"son_apriori_retail_10","son_apriori",,"/home/cesare/Projects/apriori-and-sons/data/benchmark/retail.txt","0.1","/home/cesare/Projects/apriori-and-sons/result/son_apriori_retail_10","success","9","220.23762226104736"
"son_apriori_100K10_10","son_apriori",,"/home/cesare/Projects/apriori-and-sons/data/benchmark/100K10.txt","0.1","/home/cesare/Projects/apriori-and-sons/result/son_apriori_100K10_10","success","0","45.260141134262085"
"son_apriori_50K10_10","son_apriori",,"/home/cesare/Projects/apriori-and-sons/data/benchmark/50K10.txt","0.1","/home/cesare/Projects/apriori-and-sons/result/son_apriori_50K10_10","success","0","24.08821439743042"
"pcy_25K40_10","pcy",,"/home/cesare/Projects/apriori-and-sons/data/benchmark/25K40.txt","0.1","/home/cesare/Projects/apriori-and-sons/result/pcy_25K40_10","success","81","8.710158586502075"
"pcy_100K40_10","pcy",,"/home/cesare/Projects/apriori-and-sons/data/benchmark/100K40.txt","0.1","/home/cesare/Projects/apriori-and-sons/result/pcy_100K40_10","success","82","25.773921489715576"
"pcy_retail_10","pcy",,"/home/cesare/Projects/apriori-and-sons/data/benchmark/retail.txt","0.1","/home/cesare/Projects/apriori-and-sons/result/pcy_retail_10","error","0","0"
"pcy_100K10_10","pcy",,"/home/cesare/Projects/apriori-and-sons/data/benchmark/100K10.txt","0.1","/home/cesare/Projects/apriori-and-sons/result/pcy_100K10_10","success","0","1.97501540184021"
"pcy_50K10_10","pcy",,"/home/cesare/Projects/apriori-and-sons/data/benchmark/50K10.txt","0.1","/home/cesare/Projects/apriori-and-sons/result/pcy_50K10_10","success","0","1.952829360961914"
"pcy_erode_25K40_10","pcy_erode",,"/home/cesare/Projects/apriori-and-sons/data/benchmark/25K40.txt","0.1","/home/cesare/Projects/apriori-and-sons/result/pcy_erode_25K40_10","success","81","2.681478977203369"
"pcy_erode_100K40_10","pcy_erode",,"/home/cesare/Projects/apriori-and-sons/data/benchmark/100K40.txt","0.1","/home/cesare/Projects/apriori-and-sons/result/pcy_erode_100K40_10","success","82","5.923987627029419"
"pcy_erode_retail_10","pcy_erode",,"/home/cesare/Projects/apriori-and-sons/data/benchmark/retail.txt","0.1","/home/cesare/Projects/apriori-and-sons/result/pcy_erode_retail_10","success","9","2.7365074157714844"
"pcy_erode_100K10_10","pcy_erode",,"/home/cesare/Projects/apriori-and-sons/data/benchmark/100K10.txt","0.1","/home/cesare/Projects/apriori-and-sons/result/pcy_erode_100K10_10","success","0","1.453108549118042"
"pcy_erode_50K10_10","pcy_erode",,"/home/cesare/Projects/apriori-and-sons/data/benchmark/50K10.txt","0.1","/home/cesare/Projects/apriori-and-sons/result/pcy_erode_50K10_10","success","0","1.3476572036743164"
"apriori_python_25K40_10","apriori_python",,"/home/cesare/Projects/apriori-and-sons/data/benchmark/25K40.txt","0.1","/home/cesare/Projects/apriori-and-sons/result/apriori_python_25K40_10","success","81","1739.487323999405"
"apriori_python_100K40_10","apriori_python",,"/home/cesare/Projects/apriori-and-sons/data/benchmark/100K40.txt","0.1","/home/cesare/Projects/apriori-and-sons/result/apriori_python_100K40_10","success","82","7114.443777799606"
"apriori_python_retail_10","apriori_python","retail","/home/cesare/Projects/apriori-and-sons/data/benchmark/retail.txt","0.1","/home/cesare/Projects/apriori-and-sons/result/apriori_python_retail_10","success","9","4802.138452529907"
"apriori_python_100K10_10","apriori_python","100K10","/home/cesare/Projects/apriori-and-sons/data/benchmark/100K10.txt","0.1","/home/cesare/Projects/apriori-and-sons/result/apriori_python_100K10_10","success","0","0.9896316528320312"
"apriori_python_50K10_10","apriori_python","50K10","/home/cesare/Projects/apriori-and-sons/data/benchmark/50K10.txt","0.1","/home/cesare/Projects/apriori-and-sons/result/apriori_python_50K10_10","success","0","0.8338522911071777"
"apriori_spark_25K40_10","apriori_spark","25K40","/home/cesare/Projects/apriori-and-sons/data/benchmark/25K40.txt","0.1","/home/cesare/Projects/apriori-and-sons/result/apriori_spark_25K40_10","success","81","253.22043371200562"
"apriori_spark_100K40_10","apriori_spark","100K40","/home/cesare/Projects/apriori-and-sons/data/benchmark/100K40.txt","0.1","/home/cesare/Projects/apriori-and-sons/result/apriori_spark_100K40_10","success","82","1039.358648777008"
"apriori_spark_retail_10","apriori_spark","retail","/home/cesare/Projects/apriori-and-sons/data/benchmark/retail.txt","0.1","/home/cesare/Projects/apriori-and-sons/result/apriori_spark_retail_10","success","9","722.6428954601288"
"apriori_spark_100K10_10","apriori_spark","100K10","/home/cesare/Projects/apriori-and-sons/data/benchmark/100K10.txt","0.1","/home/cesare/Projects/apriori-and-sons/result/apriori_spark_100K10_10","success","0","1.6037712097167969"
"apriori_spark_50K10_10","apriori_spark","50K10","/home/cesare/Projects/apriori-and-sons/data/benchmark/50K10.txt","0.1","/home/cesare/Projects/apriori-and-sons/result/apriori_spark_50K10_10","success","0","1.416262149810791"
