"apriori_spark_mushroom_0300","apriori_spark","mushroom","/home/cesare/Projects/apriori-and-sons/data/benchmark/mushroom.txt","0.3","/home/cesare/Projects/apriori-and-sons/result/apriori_spark_mushroom_0300","error","0","0"
"pcy_retail_0500","pcy","retail","/home/cesare/Projects/apriori-and-sons/data/benchmark/retail.txt","0.5","/home/cesare/Projects/apriori-and-sons/result/pcy_retail_0500","success","1","2.465224027633667"
"pcy_retail_0300","pcy","retail","/home/cesare/Projects/apriori-and-sons/data/benchmark/retail.txt","0.3","/home/cesare/Projects/apriori-and-sons/result/pcy_retail_0300","success","3","6.914477348327637"
"pcy_retail_0500","pcy","retail","/home/cesare/Projects/apriori-and-sons/data/benchmark/retail.txt","0.5","/home/cesare/Projects/apriori-and-sons/result/pcy_retail_0500","success","1","2.433371067047119"
"pcy_retail_0300","pcy","retail","/home/cesare/Projects/apriori-and-sons/data/benchmark/retail.txt","0.3","/home/cesare/Projects/apriori-and-sons/result/pcy_retail_0300","success","3","6.94605565071106"
"pcy_retail_0100","pcy","retail","/home/cesare/Projects/apriori-and-sons/data/benchmark/retail.txt","0.1","/home/cesare/Projects/apriori-and-sons/result/pcy_retail_0300","success","9","140.4196937084198"
"apriori_spark_retail_0500","apriori_spark","retail","/home/cesare/Projects/apriori-and-sons/data/benchmark/retail.txt","0.5","/home/cesare/Projects/apriori-and-sons/result/apriori_spark_retail_0500","success","1","93.43549370765686"
"apriori_spark_retail_0300","apriori_spark","retail","/home/cesare/Projects/apriori-and-sons/data/benchmark/retail.txt","0.3","/home/cesare/Projects/apriori-and-sons/result/apriori_spark_retail_0300","success","3","260.2633123397827"
"apriori_python_retail_0500","apriori_python","retail","/home/cesare/Projects/apriori-and-sons/data/benchmark/retail.txt","0.5","/home/cesare/Projects/apriori-and-sons/result/apriori_python_retail_0500","success","1","521.8428852558136"
"apriori_python_retail_0300","apriori_python","retail","/home/cesare/Projects/apriori-and-sons/data/benchmark/retail.txt","0.3","/home/cesare/Projects/apriori-and-sons/result/apriori_python_retail_0300","success","3","1562.2120380401611"
"pcy_mushroom_0300","apriori_spark","mushroom","/home/cesare/Projects/apriori-and-sons/data/benchmark/mushroom.txt","0.3","/home/cesare/Projects/apriori-and-sons/result/apriori_spark_mushroom_0300","error","0","0"
