"son_apriori-retail-0050","son_apriori","retail","/home/cesare/Projects/apriori-and-sons/data/benchmark/retail.txt","0.05","/home/cesare/Projects/apriori-and-sons/result/son_apriori-retail-0050","success","16","338.9198942184448"
"son_apriori-retail-0005","son_apriori","retail","/home/cesare/Projects/apriori-and-sons/data/benchmark/retail.txt","0.005","/home/cesare/Projects/apriori-and-sons/result/son_apriori-retail-0005","success","580","12297.079060792923"
"son_apriori-50K10-0060","son_apriori","50K10","/home/cesare/Projects/apriori-and-sons/data/benchmark/50K10.txt","0.06","/home/cesare/Projects/apriori-and-sons/result/son_apriori-50K10-0060","success","4","30.000285863876343"
"son_apriori-50K10-0030","son_apriori","50K10","/home/cesare/Projects/apriori-and-sons/data/benchmark/50K10.txt","0.03","/home/cesare/Projects/apriori-and-sons/result/son_apriori-50K10-0030","success","58","93.25796008110046"
"son_apriori-50K10-0010","son_apriori","50K10","/home/cesare/Projects/apriori-and-sons/data/benchmark/50K10.txt","0.01","/home/cesare/Projects/apriori-and-sons/result/son_apriori-50K10-0010","success","384","425.22443866729736"
"pcy_erode-retail-0050","pcy_erode","retail","/home/cesare/Projects/apriori-and-sons/data/benchmark/retail.txt","0.05","/home/cesare/Projects/apriori-and-sons/result/pcy_erode-retail-0050","success","16","2.611644744873047"
"pcy_erode-50K10-0060","pcy_erode","50K10","/home/cesare/Projects/apriori-and-sons/data/benchmark/50K10.txt","0.06","/home/cesare/Projects/apriori-and-sons/result/pcy_erode-50K10-0060","success","4","1.5666413307189941"
"pcy_erode-50K10-0030","pcy_erode","50K10","/home/cesare/Projects/apriori-and-sons/data/benchmark/50K10.txt","0.03","/home/cesare/Projects/apriori-and-sons/result/pcy_erode-50K10-0030","success","58","1.708653450012207"
"pcy_erode-50K10-0010","pcy_erode","50K10","/home/cesare/Projects/apriori-and-sons/data/benchmark/50K10.txt","0.01","/home/cesare/Projects/apriori-and-sons/result/pcy_erode-50K10-0010","success","384","3.919753313064575"
"pcy_erode-retail-0005","pcy_erode","retail","/home/cesare/Projects/apriori-and-sons/data/benchmark/retail.txt","0.005","/home/cesare/Projects/apriori-and-sons/result/pcy_erode-retail-0005","success","580","6.335402727127075"
