"apriori_spark-mushroom-0700-integers","apriori_spark","mushroom","/home/cesare/Projects/apriori-and-sons/data/benchmark/mushroom.txt","0.7","/home/cesare/Projects/apriori-and-sons/result/apriori_spark-mushroom-0700-native-no","success","31","114.98464894294739"
"pcy_erode-mushroom-0300-integers","pcy_erode","mushroom","/home/cesare/Projects/apriori-and-sons/data/benchmark/mushroom.txt","0.3","/home/cesare/Projects/apriori-and-sons/result/pcy_erode-mushroom-0300-native-no","success","2735","78.02746725082397"
"apriori_python-mushroom-0500-integers","apriori_python","mushroom","/home/cesare/Projects/apriori-and-sons/data/benchmark/mushroom.txt","0.5","/home/cesare/Projects/apriori-and-sons/result/apriori_spark-mushroom-0500-native-no","success","153","72.14101481437683"
"apriori_spark-mushroom-0700-integers","apriori_spark","mushroom","/home/cesare/Projects/apriori-and-sons/data/benchmark/mushroom.txt","0.7","/home/cesare/Projects/apriori-and-sons/result/apriori_spark-mushroom-0700-native-no","success","31","116.38681530952454"
"apriori_spark-mushroom-0700-integers","apriori_spark","mushroom","/home/cesare/Projects/apriori-and-sons/data/benchmark/mushroom.txt","0.7","/home/cesare/Projects/apriori-and-sons/result/apriori_spark-mushroom-0700-native-no","success","31","114.89959001541138"
"apriori_spark-mushroom-0700-integers","apriori_spark","mushroom","/home/cesare/Projects/apriori-and-sons/data/benchmark/mushroom.txt","0.7","/home/cesare/Projects/apriori-and-sons/result/apriori_spark-mushroom-0700-native-no","success","31","114.61062383651733"
"pcy_erode-mushroom-0300-integers","pcy_erode","mushroom","/home/cesare/Projects/apriori-and-sons/data/benchmark/mushroom.txt","0.3","/home/cesare/Projects/apriori-and-sons/result/pcy_erode-mushroom-0300-native-no","success","2735","77.00465440750122"
"pcy_erode-mushroom-0300-integers","pcy_erode","mushroom","/home/cesare/Projects/apriori-and-sons/data/benchmark/mushroom.txt","0.3","/home/cesare/Projects/apriori-and-sons/result/pcy_erode-mushroom-0300-native-no","success","2735","77.90775346755981"
"pcy_erode-mushroom-0300-integers","pcy_erode","mushroom","/home/cesare/Projects/apriori-and-sons/data/benchmark/mushroom.txt","0.3","/home/cesare/Projects/apriori-and-sons/result/pcy_erode-mushroom-0300-native-no","success","2735","77.6590473651886"
"apriori_python-mushroom-0500-integers","apriori_python","mushroom","/home/cesare/Projects/apriori-and-sons/data/benchmark/mushroom.txt","0.5","/home/cesare/Projects/apriori-and-sons/result/apriori_spark-mushroom-0500-native-no","success","153","68.2426266670227"
"apriori_python-mushroom-0500-integers","apriori_python","mushroom","/home/cesare/Projects/apriori-and-sons/data/benchmark/mushroom.txt","0.5","/home/cesare/Projects/apriori-and-sons/result/apriori_spark-mushroom-0500-native-no","success","153","69.11590766906738"
"apriori_python-mushroom-0500-integers","apriori_python","mushroom","/home/cesare/Projects/apriori-and-sons/data/benchmark/mushroom.txt","0.5","/home/cesare/Projects/apriori-and-sons/result/apriori_spark-mushroom-0500-native-no","success","153","69.95640921592712"
