"apriori_spark-mushroom-0700-native-no","apriori_spark","mushroom","/home/cesare/Projects/apriori-and-sons/data/benchmark/mushroom.txt","0.7","/home/cesare/Projects/apriori-and-sons/result/apriori_spark-mushroom-0700-native-no","success","31","113.90315055847168"
"apriori_spark-mushroom-0700-native-yes","apriori_spark","mushroom","/home/cesare/Projects/apriori-and-sons/data/benchmark/mushroom.txt","0.7","/home/cesare/Projects/apriori-and-sons/result/apriori_spark-mushroom-0700-native-yes","success","31","112.30087184906006"
"pcy_erode-mushroom-0300-native-no","pcy_erode","mushroom","/home/cesare/Projects/apriori-and-sons/data/benchmark/mushroom.txt","0.3","/home/cesare/Projects/apriori-and-sons/result/pcy_erode-mushroom-0300-native-no","success","2735","92.42667841911316"
"pcy_erode-mushroom-0300-native-yes","pcy_erode","mushroom","/home/cesare/Projects/apriori-and-sons/data/benchmark/mushroom.txt","0.3","/home/cesare/Projects/apriori-and-sons/result/pcy_erode-mushroom-0300-native-yes","success","2735","93.1410002708435"
"pcy_erode-mushroom-0300-native-no","pcy_erode","mushroom","/home/cesare/Projects/apriori-and-sons/data/benchmark/mushroom.txt","0.3","/home/cesare/Projects/apriori-and-sons/result/pcy_erode-mushroom-0300-native-no","success","2735","79.01988363265991"
"pcy_erode-mushroom-0300-native-no","pcy_erode","mushroom","/home/cesare/Projects/apriori-and-sons/data/benchmark/mushroom.txt","0.3","/home/cesare/Projects/apriori-and-sons/result/pcy_erode-mushroom-0300-native-no","success","2735","79.08130311965942"
