"son_apriori_mushroom_90";"son_apriori";"/home/cesare/Projects/apriori-and-sons/data/benchmark/mushroom.txt";"0.9";"/home/cesare/Projects/apriori-and-sons/result/son_apriori_mushroom_90";"success";"9";"7.49936056137085"
"son_apriori_T40I10D100K_90";"son_apriori";"/home/cesare/Projects/apriori-and-sons/data/benchmark/T40I10D100K.txt";"0.9";"/home/cesare/Projects/apriori-and-sons/result/son_apriori_T40I10D100K_90";"success";"0";"44.94097375869751"
"son_apriori_T40I10D100K_sample_90";"son_apriori";"/home/cesare/Projects/apriori-and-sons/data/benchmark/T40I10D100K_sample.txt";"0.9";"/home/cesare/Projects/apriori-and-sons/result/son_apriori_T40I10D100K_sample_90";"success";"0";"14.059742212295532"
"son_apriori_T10I4D100K_90";"son_apriori";"/home/cesare/Projects/apriori-and-sons/data/benchmark/T10I4D100K.txt";"0.9";"/home/cesare/Projects/apriori-and-sons/result/son_apriori_T10I4D100K_90";"success";"0";"43.78104615211487"
"son_apriori_T10I4D100K_sample_90";"son_apriori";"/home/cesare/Projects/apriori-and-sons/data/benchmark/T10I4D100K_sample.txt";"0.9";"/home/cesare/Projects/apriori-and-sons/result/son_apriori_T10I4D100K_sample_90";"success";"0";"24.270784616470337"
"pcy_mushroom_90";"pcy";"/home/cesare/Projects/apriori-and-sons/data/benchmark/mushroom.txt";"0.9";"/home/cesare/Projects/apriori-and-sons/result/pcy_mushroom_90";"success";"9";"5.968078851699829"
"pcy_T40I10D100K_90";"pcy";"/home/cesare/Projects/apriori-and-sons/data/benchmark/T40I10D100K.txt";"0.9";"/home/cesare/Projects/apriori-and-sons/result/pcy_T40I10D100K_90";"success";"0";"2.3173935413360596"
"pcy_T40I10D100K_sample_90";"pcy";"/home/cesare/Projects/apriori-and-sons/data/benchmark/T40I10D100K_sample.txt";"0.9";"/home/cesare/Projects/apriori-and-sons/result/pcy_T40I10D100K_sample_90";"success";"0";"1.9148123264312744"
"pcy_T10I4D100K_90";"pcy";"/home/cesare/Projects/apriori-and-sons/data/benchmark/T10I4D100K.txt";"0.9";"/home/cesare/Projects/apriori-and-sons/result/pcy_T10I4D100K_90";"success";"0";"1.914379596710205"
"pcy_T10I4D100K_sample_90";"pcy";"/home/cesare/Projects/apriori-and-sons/data/benchmark/T10I4D100K_sample.txt";"0.9";"/home/cesare/Projects/apriori-and-sons/result/pcy_T10I4D100K_sample_90";"success";"0";"1.922494888305664"
"pcy_erode_mushroom_90";"pcy_erode";"/home/cesare/Projects/apriori-and-sons/data/benchmark/mushroom.txt";"0.9";"/home/cesare/Projects/apriori-and-sons/result/pcy_erode_mushroom_90";"success";"9";"2.517237424850464"
"pcy_erode_T40I10D100K_90";"pcy_erode";"/home/cesare/Projects/apriori-and-sons/data/benchmark/T40I10D100K.txt";"0.9";"/home/cesare/Projects/apriori-and-sons/result/pcy_erode_T40I10D100K_90";"success";"0";"2.027254819869995"
"pcy_erode_T40I10D100K_sample_90";"pcy_erode";"/home/cesare/Projects/apriori-and-sons/data/benchmark/T40I10D100K_sample.txt";"0.9";"/home/cesare/Projects/apriori-and-sons/result/pcy_erode_T40I10D100K_sample_90";"success";"0";"1.3640971183776855"
"pcy_erode_T10I4D100K_90";"pcy_erode";"/home/cesare/Projects/apriori-and-sons/data/benchmark/T10I4D100K.txt";"0.9";"/home/cesare/Projects/apriori-and-sons/result/pcy_erode_T10I4D100K_90";"success";"0";"1.461676836013794"
"pcy_erode_T10I4D100K_sample_90";"pcy_erode";"/home/cesare/Projects/apriori-and-sons/data/benchmark/T10I4D100K_sample.txt";"0.9";"/home/cesare/Projects/apriori-and-sons/result/pcy_erode_T10I4D100K_sample_90";"success";"0";"1.29105806350708"
"apriori_python_mushroom_90";"apriori_python";"/home/cesare/Projects/apriori-and-sons/data/benchmark/mushroom.txt";"0.9";"/home/cesare/Projects/apriori-and-sons/result/apriori_python_mushroom_90";"success";"9";"5.433287858963013"
"apriori_python_T40I10D100K_90";"apriori_python";"/home/cesare/Projects/apriori-and-sons/data/benchmark/T40I10D100K.txt";"0.9";"/home/cesare/Projects/apriori-and-sons/result/apriori_python_T40I10D100K_90";"success";"0";"1.5353176593780518"
"apriori_python_T40I10D100K_sample_90";"apriori_python";"/home/cesare/Projects/apriori-and-sons/data/benchmark/T40I10D100K_sample.txt";"0.9";"/home/cesare/Projects/apriori-and-sons/result/apriori_python_T40I10D100K_sample_90";"success";"0";"0.8561584949493408"
"apriori_python_T10I4D100K_90";"apriori_python";"/home/cesare/Projects/apriori-and-sons/data/benchmark/T10I4D100K.txt";"0.9";"/home/cesare/Projects/apriori-and-sons/result/apriori_python_T10I4D100K_90";"success";"0";"0.9324154853820801"
"apriori_python_T10I4D100K_sample_90";"apriori_python";"/home/cesare/Projects/apriori-and-sons/data/benchmark/T10I4D100K_sample.txt";"0.9";"/home/cesare/Projects/apriori-and-sons/result/apriori_python_T10I4D100K_sample_90";"success";"0";"0.8734385967254639"
"apriori_spark_mushroom_90";"apriori_spark";"/home/cesare/Projects/apriori-and-sons/data/benchmark/mushroom.txt";"0.9";"/home/cesare/Projects/apriori-and-sons/result/apriori_spark_mushroom_90";"success";"9";"12.845421075820923"
"apriori_spark_T40I10D100K_90";"apriori_spark";"/home/cesare/Projects/apriori-and-sons/data/benchmark/T40I10D100K.txt";"0.9";"/home/cesare/Projects/apriori-and-sons/result/apriori_spark_T40I10D100K_90";"success";"0";"2.126386880874634"
"apriori_spark_T40I10D100K_sample_90";"apriori_spark";"/home/cesare/Projects/apriori-and-sons/data/benchmark/T40I10D100K_sample.txt";"0.9";"/home/cesare/Projects/apriori-and-sons/result/apriori_spark_T40I10D100K_sample_90";"success";"0";"1.532005786895752"
"apriori_spark_T10I4D100K_90";"apriori_spark";"/home/cesare/Projects/apriori-and-sons/data/benchmark/T10I4D100K.txt";"0.9";"/home/cesare/Projects/apriori-and-sons/result/apriori_spark_T10I4D100K_90";"success";"0";"1.5914661884307861"
"apriori_spark_T10I4D100K_sample_90";"apriori_spark";"/home/cesare/Projects/apriori-and-sons/data/benchmark/T10I4D100K_sample.txt";"0.9";"/home/cesare/Projects/apriori-and-sons/result/apriori_spark_T10I4D100K_sample_90";"success";"0";"1.4240200519561768"
