"son_apriori_mushroom_50";"son_apriori";"/home/cesare/Projects/apriori-and-sons/data/benchmark/mushroom.txt";"0.5";"/home/cesare/Projects/apriori-and-sons/result/son_apriori_mushroom_50";"success";"153";"15.119706869125366"
"son_apriori_mushroom_30";"son_apriori";"/home/cesare/Projects/apriori-and-sons/data/benchmark/mushroom.txt";"0.3";"/home/cesare/Projects/apriori-and-sons/result/son_apriori_mushroom_30";"success";"2735";"139.43737840652466"
"son_apriori_T40I10D100K_50";"son_apriori";"/home/cesare/Projects/apriori-and-sons/data/benchmark/T40I10D100K.txt";"0.5";"/home/cesare/Projects/apriori-and-sons/result/son_apriori_T40I10D100K_50";"success";"0";"44.56480431556702"
"son_apriori_T40I10D100K_30";"son_apriori";"/home/cesare/Projects/apriori-and-sons/data/benchmark/T40I10D100K.txt";"0.3";"/home/cesare/Projects/apriori-and-sons/result/son_apriori_T40I10D100K_30";"success";"0";"44.40029239654541"
"son_apriori_T40I10D100K_sample_50";"son_apriori";"/home/cesare/Projects/apriori-and-sons/data/benchmark/T40I10D100K_sample.txt";"0.5";"/home/cesare/Projects/apriori-and-sons/result/son_apriori_T40I10D100K_sample_50";"success";"0";"14.15453314781189"
"son_apriori_T40I10D100K_sample_30";"son_apriori";"/home/cesare/Projects/apriori-and-sons/data/benchmark/T40I10D100K_sample.txt";"0.3";"/home/cesare/Projects/apriori-and-sons/result/son_apriori_T40I10D100K_sample_30";"success";"0";"14.921232223510742"
"son_apriori_T10I4D100K_50";"son_apriori";"/home/cesare/Projects/apriori-and-sons/data/benchmark/T10I4D100K.txt";"0.5";"/home/cesare/Projects/apriori-and-sons/result/son_apriori_T10I4D100K_50";"success";"0";"43.87563872337341"
"son_apriori_T10I4D100K_30";"son_apriori";"/home/cesare/Projects/apriori-and-sons/data/benchmark/T10I4D100K.txt";"0.3";"/home/cesare/Projects/apriori-and-sons/result/son_apriori_T10I4D100K_30";"success";"0";"44.216591358184814"
"son_apriori_T10I4D100K_sample_50";"son_apriori";"/home/cesare/Projects/apriori-and-sons/data/benchmark/T10I4D100K_sample.txt";"0.5";"/home/cesare/Projects/apriori-and-sons/result/son_apriori_T10I4D100K_sample_50";"success";"0";"23.819664478302002"
"son_apriori_T10I4D100K_sample_30";"son_apriori";"/home/cesare/Projects/apriori-and-sons/data/benchmark/T10I4D100K_sample.txt";"0.3";"/home/cesare/Projects/apriori-and-sons/result/son_apriori_T10I4D100K_sample_30";"success";"0";"23.90239119529724"
"pcy_mushroom_50";"pcy";"/home/cesare/Projects/apriori-and-sons/data/benchmark/mushroom.txt";"0.5";"/home/cesare/Projects/apriori-and-sons/result/pcy_mushroom_50";"success";"153";"1416.437108039856"
"pcy_mushroom_30";"pcy";"/home/cesare/Projects/apriori-and-sons/data/benchmark/mushroom.txt";"0.3";"/home/cesare/Projects/apriori-and-sons/result/pcy_mushroom_30";"success";"2735";"24398.53156852722"
"pcy_T40I10D100K_50";"pcy";"/home/cesare/Projects/apriori-and-sons/data/benchmark/T40I10D100K.txt";"0.5";"/home/cesare/Projects/apriori-and-sons/result/pcy_T40I10D100K_50";"success";"0";"2.3000452518463135"
"pcy_T40I10D100K_30";"pcy";"/home/cesare/Projects/apriori-and-sons/data/benchmark/T40I10D100K.txt";"0.3";"/home/cesare/Projects/apriori-and-sons/result/pcy_T40I10D100K_30";"success";"0";"2.283252239227295"
"pcy_T40I10D100K_sample_50";"pcy";"/home/cesare/Projects/apriori-and-sons/data/benchmark/T40I10D100K_sample.txt";"0.5";"/home/cesare/Projects/apriori-and-sons/result/pcy_T40I10D100K_sample_50";"success";"0";"1.880467414855957"
"pcy_T40I10D100K_sample_30";"pcy";"/home/cesare/Projects/apriori-and-sons/data/benchmark/T40I10D100K_sample.txt";"0.3";"/home/cesare/Projects/apriori-and-sons/result/pcy_T40I10D100K_sample_30";"success";"0";"1.8575208187103271"
"pcy_T10I4D100K_50";"pcy";"/home/cesare/Projects/apriori-and-sons/data/benchmark/T10I4D100K.txt";"0.5";"/home/cesare/Projects/apriori-and-sons/result/pcy_T10I4D100K_50";"success";"0";"2.0411863327026367"
"pcy_T10I4D100K_30";"pcy";"/home/cesare/Projects/apriori-and-sons/data/benchmark/T10I4D100K.txt";"0.3";"/home/cesare/Projects/apriori-and-sons/result/pcy_T10I4D100K_30";"success";"0";"1.9671270847320557"
"pcy_T10I4D100K_sample_50";"pcy";"/home/cesare/Projects/apriori-and-sons/data/benchmark/T10I4D100K_sample.txt";"0.5";"/home/cesare/Projects/apriori-and-sons/result/pcy_T10I4D100K_sample_50";"success";"0";"1.9443058967590332"
"pcy_T10I4D100K_sample_30";"pcy";"/home/cesare/Projects/apriori-and-sons/data/benchmark/T10I4D100K_sample.txt";"0.3";"/home/cesare/Projects/apriori-and-sons/result/pcy_T10I4D100K_sample_30";"success";"0";"1.9149444103240967"
"pcy_erode_mushroom_50";"pcy_erode";"/home/cesare/Projects/apriori-and-sons/data/benchmark/mushroom.txt";"0.5";"/home/cesare/Projects/apriori-and-sons/result/pcy_erode_mushroom_50";"success";"153";"4.432990550994873"
"pcy_erode_mushroom_30";"pcy_erode";"/home/cesare/Projects/apriori-and-sons/data/benchmark/mushroom.txt";"0.3";"/home/cesare/Projects/apriori-and-sons/result/pcy_erode_mushroom_30";"success";"2735";"93.45940971374512"
"pcy_erode_T40I10D100K_50";"pcy_erode";"/home/cesare/Projects/apriori-and-sons/data/benchmark/T40I10D100K.txt";"0.5";"/home/cesare/Projects/apriori-and-sons/result/pcy_erode_T40I10D100K_50";"success";"0";"2.017618179321289"
"pcy_erode_T40I10D100K_30";"pcy_erode";"/home/cesare/Projects/apriori-and-sons/data/benchmark/T40I10D100K.txt";"0.3";"/home/cesare/Projects/apriori-and-sons/result/pcy_erode_T40I10D100K_30";"success";"0";"2.032163381576538"
"pcy_erode_T40I10D100K_sample_50";"pcy_erode";"/home/cesare/Projects/apriori-and-sons/data/benchmark/T40I10D100K_sample.txt";"0.5";"/home/cesare/Projects/apriori-and-sons/result/pcy_erode_T40I10D100K_sample_50";"success";"0";"1.4166631698608398"
"pcy_erode_T40I10D100K_sample_30";"pcy_erode";"/home/cesare/Projects/apriori-and-sons/data/benchmark/T40I10D100K_sample.txt";"0.3";"/home/cesare/Projects/apriori-and-sons/result/pcy_erode_T40I10D100K_sample_30";"success";"0";"1.3983473777770996"
"pcy_erode_T10I4D100K_50";"pcy_erode";"/home/cesare/Projects/apriori-and-sons/data/benchmark/T10I4D100K.txt";"0.5";"/home/cesare/Projects/apriori-and-sons/result/pcy_erode_T10I4D100K_50";"success";"0";"1.504737138748169"
"pcy_erode_T10I4D100K_30";"pcy_erode";"/home/cesare/Projects/apriori-and-sons/data/benchmark/T10I4D100K.txt";"0.3";"/home/cesare/Projects/apriori-and-sons/result/pcy_erode_T10I4D100K_30";"success";"0";"1.41703462600708"
"pcy_erode_T10I4D100K_sample_50";"pcy_erode";"/home/cesare/Projects/apriori-and-sons/data/benchmark/T10I4D100K_sample.txt";"0.5";"/home/cesare/Projects/apriori-and-sons/result/pcy_erode_T10I4D100K_sample_50";"success";"0";"1.311377763748169"
"pcy_erode_T10I4D100K_sample_30";"pcy_erode";"/home/cesare/Projects/apriori-and-sons/data/benchmark/T10I4D100K_sample.txt";"0.3";"/home/cesare/Projects/apriori-and-sons/result/pcy_erode_T10I4D100K_sample_30";"success";"0";"1.3191516399383545"
"apriori_python_mushroom_50";"apriori_python";"/home/cesare/Projects/apriori-and-sons/data/benchmark/mushroom.txt";"0.5";"/home/cesare/Projects/apriori-and-sons/result/apriori_python_mushroom_50";"success";"153";"80.88867831230164"
"apriori_python_mushroom_30";"apriori_python";"/home/cesare/Projects/apriori-and-sons/data/benchmark/mushroom.txt";"0.3";"/home/cesare/Projects/apriori-and-sons/result/apriori_python_mushroom_30";"success";"2735";"1422.095359802246"
"apriori_python_T40I10D100K_50";"apriori_python";"/home/cesare/Projects/apriori-and-sons/data/benchmark/T40I10D100K.txt";"0.5";"/home/cesare/Projects/apriori-and-sons/result/apriori_python_T40I10D100K_50";"success";"0";"1.5201432704925537"
"apriori_python_T40I10D100K_30";"apriori_python";"/home/cesare/Projects/apriori-and-sons/data/benchmark/T40I10D100K.txt";"0.3";"/home/cesare/Projects/apriori-and-sons/result/apriori_python_T40I10D100K_30";"success";"0";"1.5588622093200684"
"apriori_python_T40I10D100K_sample_50";"apriori_python";"/home/cesare/Projects/apriori-and-sons/data/benchmark/T40I10D100K_sample.txt";"0.5";"/home/cesare/Projects/apriori-and-sons/result/apriori_python_T40I10D100K_sample_50";"success";"0";"0.9207696914672852"
"apriori_python_T40I10D100K_sample_30";"apriori_python";"/home/cesare/Projects/apriori-and-sons/data/benchmark/T40I10D100K_sample.txt";"0.3";"/home/cesare/Projects/apriori-and-sons/result/apriori_python_T40I10D100K_sample_30";"success";"0";"0.875870943069458"
"apriori_python_T10I4D100K_50";"apriori_python";"/home/cesare/Projects/apriori-and-sons/data/benchmark/T10I4D100K.txt";"0.5";"/home/cesare/Projects/apriori-and-sons/result/apriori_python_T10I4D100K_50";"success";"0";"0.9524550437927246"
"apriori_python_T10I4D100K_30";"apriori_python";"/home/cesare/Projects/apriori-and-sons/data/benchmark/T10I4D100K.txt";"0.3";"/home/cesare/Projects/apriori-and-sons/result/apriori_python_T10I4D100K_30";"success";"0";"0.967064380645752"
"apriori_python_T10I4D100K_sample_50";"apriori_python";"/home/cesare/Projects/apriori-and-sons/data/benchmark/T10I4D100K_sample.txt";"0.5";"/home/cesare/Projects/apriori-and-sons/result/apriori_python_T10I4D100K_sample_50";"success";"0";"0.8283874988555908"
"apriori_python_T10I4D100K_sample_30";"apriori_python";"/home/cesare/Projects/apriori-and-sons/data/benchmark/T10I4D100K_sample.txt";"0.3";"/home/cesare/Projects/apriori-and-sons/result/apriori_python_T10I4D100K_sample_30";"success";"0";"0.8630950450897217"
"apriori_spark_mushroom_50";"apriori_spark";"/home/cesare/Projects/apriori-and-sons/data/benchmark/mushroom.txt";"0.5";"/home/cesare/Projects/apriori-and-sons/result/apriori_spark_mushroom_50";"success";"153";"135.44518733024597"
"apriori_spark_mushroom_30";"apriori_spark";"/home/cesare/Projects/apriori-and-sons/data/benchmark/mushroom.txt";"0.3";"/home/cesare/Projects/apriori-and-sons/result/apriori_spark_mushroom_30";"error";"0";"0"
"apriori_spark_T40I10D100K_50";"apriori_spark";"/home/cesare/Projects/apriori-and-sons/data/benchmark/T40I10D100K.txt";"0.5";"/home/cesare/Projects/apriori-and-sons/result/apriori_spark_T40I10D100K_50";"success";"0";"2.1961188316345215"
"apriori_spark_T40I10D100K_30";"apriori_spark";"/home/cesare/Projects/apriori-and-sons/data/benchmark/T40I10D100K.txt";"0.3";"/home/cesare/Projects/apriori-and-sons/result/apriori_spark_T40I10D100K_30";"success";"0";"2.133721113204956"
"apriori_spark_T40I10D100K_sample_50";"apriori_spark";"/home/cesare/Projects/apriori-and-sons/data/benchmark/T40I10D100K_sample.txt";"0.5";"/home/cesare/Projects/apriori-and-sons/result/apriori_spark_T40I10D100K_sample_50";"success";"0";"1.527925968170166"
"apriori_spark_T40I10D100K_sample_30";"apriori_spark";"/home/cesare/Projects/apriori-and-sons/data/benchmark/T40I10D100K_sample.txt";"0.3";"/home/cesare/Projects/apriori-and-sons/result/apriori_spark_T40I10D100K_sample_30";"success";"0";"1.5332653522491455"
"apriori_spark_T10I4D100K_50";"apriori_spark";"/home/cesare/Projects/apriori-and-sons/data/benchmark/T10I4D100K.txt";"0.5";"/home/cesare/Projects/apriori-and-sons/result/apriori_spark_T10I4D100K_50";"success";"0";"1.6043522357940674"
"apriori_spark_T10I4D100K_30";"apriori_spark";"/home/cesare/Projects/apriori-and-sons/data/benchmark/T10I4D100K.txt";"0.3";"/home/cesare/Projects/apriori-and-sons/result/apriori_spark_T10I4D100K_30";"success";"0";"1.6211159229278564"
"apriori_spark_T10I4D100K_sample_50";"apriori_spark";"/home/cesare/Projects/apriori-and-sons/data/benchmark/T10I4D100K_sample.txt";"0.5";"/home/cesare/Projects/apriori-and-sons/result/apriori_spark_T10I4D100K_sample_50";"success";"0";"1.4875762462615967"
"apriori_spark_T10I4D100K_sample_30";"apriori_spark";"/home/cesare/Projects/apriori-and-sons/data/benchmark/T10I4D100K_sample.txt";"0.3";"/home/cesare/Projects/apriori-and-sons/result/apriori_spark_T10I4D100K_sample_30";"success";"0";"1.4310979843139648"
"son_apriori_mushroom_70";"son_apriori";"/home/cesare/Projects/apriori-and-sons/data/benchmark/mushroom.txt";"0.7";"/home/cesare/Projects/apriori-and-sons/result/son_apriori_mushroom_70";"success";"31";"8.445598840713501"
"son_apriori_T40I10D100K_70";"son_apriori";"/home/cesare/Projects/apriori-and-sons/data/benchmark/T40I10D100K.txt";"0.7";"/home/cesare/Projects/apriori-and-sons/result/son_apriori_T40I10D100K_70";"success";"0";"44.41313433647156"
"son_apriori_T40I10D100K_sample_70";"son_apriori";"/home/cesare/Projects/apriori-and-sons/data/benchmark/T40I10D100K_sample.txt";"0.7";"/home/cesare/Projects/apriori-and-sons/result/son_apriori_T40I10D100K_sample_70";"success";"0";"13.916750431060791"
"son_apriori_T10I4D100K_70";"son_apriori";"/home/cesare/Projects/apriori-and-sons/data/benchmark/T10I4D100K.txt";"0.7";"/home/cesare/Projects/apriori-and-sons/result/son_apriori_T10I4D100K_70";"success";"0";"44.46932888031006"
"son_apriori_T10I4D100K_sample_70";"son_apriori";"/home/cesare/Projects/apriori-and-sons/data/benchmark/T10I4D100K_sample.txt";"0.7";"/home/cesare/Projects/apriori-and-sons/result/son_apriori_T10I4D100K_sample_70";"success";"0";"24.391753673553467"
"pcy_mushroom_70";"pcy";"/home/cesare/Projects/apriori-and-sons/data/benchmark/mushroom.txt";"0.7";"/home/cesare/Projects/apriori-and-sons/result/pcy_mushroom_70";"success";"31";"163.21131992340088"
"pcy_T40I10D100K_70";"pcy";"/home/cesare/Projects/apriori-and-sons/data/benchmark/T40I10D100K.txt";"0.7";"/home/cesare/Projects/apriori-and-sons/result/pcy_T40I10D100K_70";"success";"0";"2.3082821369171143"
"pcy_T40I10D100K_sample_70";"pcy";"/home/cesare/Projects/apriori-and-sons/data/benchmark/T40I10D100K_sample.txt";"0.7";"/home/cesare/Projects/apriori-and-sons/result/pcy_T40I10D100K_sample_70";"success";"0";"1.9446604251861572"
"pcy_T10I4D100K_70";"pcy";"/home/cesare/Projects/apriori-and-sons/data/benchmark/T10I4D100K.txt";"0.7";"/home/cesare/Projects/apriori-and-sons/result/pcy_T10I4D100K_70";"success";"0";"1.955918550491333"
"pcy_T10I4D100K_sample_70";"pcy";"/home/cesare/Projects/apriori-and-sons/data/benchmark/T10I4D100K_sample.txt";"0.7";"/home/cesare/Projects/apriori-and-sons/result/pcy_T10I4D100K_sample_70";"success";"0";"1.8983690738677979"
"pcy_erode_mushroom_70";"pcy_erode";"/home/cesare/Projects/apriori-and-sons/data/benchmark/mushroom.txt";"0.7";"/home/cesare/Projects/apriori-and-sons/result/pcy_erode_mushroom_70";"success";"31";"3.3956422805786133"
"pcy_erode_T40I10D100K_70";"pcy_erode";"/home/cesare/Projects/apriori-and-sons/data/benchmark/T40I10D100K.txt";"0.7";"/home/cesare/Projects/apriori-and-sons/result/pcy_erode_T40I10D100K_70";"success";"0";"2.04959774017334"
"pcy_erode_T40I10D100K_sample_70";"pcy_erode";"/home/cesare/Projects/apriori-and-sons/data/benchmark/T40I10D100K_sample.txt";"0.7";"/home/cesare/Projects/apriori-and-sons/result/pcy_erode_T40I10D100K_sample_70";"success";"0";"1.3203301429748535"
"pcy_erode_T10I4D100K_70";"pcy_erode";"/home/cesare/Projects/apriori-and-sons/data/benchmark/T10I4D100K.txt";"0.7";"/home/cesare/Projects/apriori-and-sons/result/pcy_erode_T10I4D100K_70";"success";"0";"1.5209670066833496"
"pcy_erode_T10I4D100K_sample_70";"pcy_erode";"/home/cesare/Projects/apriori-and-sons/data/benchmark/T10I4D100K_sample.txt";"0.7";"/home/cesare/Projects/apriori-and-sons/result/pcy_erode_T10I4D100K_sample_70";"success";"0";"1.3025262355804443"
"apriori_python_mushroom_70";"apriori_python";"/home/cesare/Projects/apriori-and-sons/data/benchmark/mushroom.txt";"0.7";"/home/cesare/Projects/apriori-and-sons/result/apriori_python_mushroom_70";"success";"31";"17.617468118667603"
"apriori_python_T40I10D100K_70";"apriori_python";"/home/cesare/Projects/apriori-and-sons/data/benchmark/T40I10D100K.txt";"0.7";"/home/cesare/Projects/apriori-and-sons/result/apriori_python_T40I10D100K_70";"success";"0";"1.5327045917510986"
"apriori_python_T40I10D100K_sample_70";"apriori_python";"/home/cesare/Projects/apriori-and-sons/data/benchmark/T40I10D100K_sample.txt";"0.7";"/home/cesare/Projects/apriori-and-sons/result/apriori_python_T40I10D100K_sample_70";"success";"0";"0.8695378303527832"
"apriori_python_T10I4D100K_70";"apriori_python";"/home/cesare/Projects/apriori-and-sons/data/benchmark/T10I4D100K.txt";"0.7";"/home/cesare/Projects/apriori-and-sons/result/apriori_python_T10I4D100K_70";"success";"0";"0.9581801891326904"
"apriori_python_T10I4D100K_sample_70";"apriori_python";"/home/cesare/Projects/apriori-and-sons/data/benchmark/T10I4D100K_sample.txt";"0.7";"/home/cesare/Projects/apriori-and-sons/result/apriori_python_T10I4D100K_sample_70";"success";"0";"0.8174967765808105"
"apriori_spark_mushroom_70";"apriori_spark";"/home/cesare/Projects/apriori-and-sons/data/benchmark/mushroom.txt";"0.7";"/home/cesare/Projects/apriori-and-sons/result/apriori_spark_mushroom_70";"success";"31";"110.54900813102722"
"apriori_spark_T40I10D100K_70";"apriori_spark";"/home/cesare/Projects/apriori-and-sons/data/benchmark/T40I10D100K.txt";"0.7";"/home/cesare/Projects/apriori-and-sons/result/apriori_spark_T40I10D100K_70";"success";"0";"2.1114871501922607"
"apriori_spark_T40I10D100K_sample_70";"apriori_spark";"/home/cesare/Projects/apriori-and-sons/data/benchmark/T40I10D100K_sample.txt";"0.7";"/home/cesare/Projects/apriori-and-sons/result/apriori_spark_T40I10D100K_sample_70";"success";"0";"1.5343520641326904"
"apriori_spark_T10I4D100K_70";"apriori_spark";"/home/cesare/Projects/apriori-and-sons/data/benchmark/T10I4D100K.txt";"0.7";"/home/cesare/Projects/apriori-and-sons/result/apriori_spark_T10I4D100K_70";"success";"0";"1.572957992553711"
"apriori_spark_T10I4D100K_sample_70";"apriori_spark";"/home/cesare/Projects/apriori-and-sons/data/benchmark/T10I4D100K_sample.txt";"0.7";"/home/cesare/Projects/apriori-and-sons/result/apriori_spark_T10I4D100K_sample_70";"success";"0";"1.4362893104553223"
"son_apriori_mushroom_90";"son_apriori";"/home/cesare/Projects/apriori-and-sons/data/benchmark/mushroom.txt";"0.9";"/home/cesare/Projects/apriori-and-sons/result/son_apriori_mushroom_90";"success";"9";"7.49936056137085"
"son_apriori_T40I10D100K_90";"son_apriori";"/home/cesare/Projects/apriori-and-sons/data/benchmark/T40I10D100K.txt";"0.9";"/home/cesare/Projects/apriori-and-sons/result/son_apriori_T40I10D100K_90";"success";"0";"44.94097375869751"
"son_apriori_T40I10D100K_sample_90";"son_apriori";"/home/cesare/Projects/apriori-and-sons/data/benchmark/T40I10D100K_sample.txt";"0.9";"/home/cesare/Projects/apriori-and-sons/result/son_apriori_T40I10D100K_sample_90";"success";"0";"14.059742212295532"
"son_apriori_T10I4D100K_90";"son_apriori";"/home/cesare/Projects/apriori-and-sons/data/benchmark/T10I4D100K.txt";"0.9";"/home/cesare/Projects/apriori-and-sons/result/son_apriori_T10I4D100K_90";"success";"0";"43.78104615211487"
"son_apriori_T10I4D100K_sample_90";"son_apriori";"/home/cesare/Projects/apriori-and-sons/data/benchmark/T10I4D100K_sample.txt";"0.9";"/home/cesare/Projects/apriori-and-sons/result/son_apriori_T10I4D100K_sample_90";"success";"0";"24.270784616470337"
"pcy_mushroom_90";"pcy";"/home/cesare/Projects/apriori-and-sons/data/benchmark/mushroom.txt";"0.9";"/home/cesare/Projects/apriori-and-sons/result/pcy_mushroom_90";"success";"9";"5.968078851699829"
"pcy_T40I10D100K_90";"pcy";"/home/cesare/Projects/apriori-and-sons/data/benchmark/T40I10D100K.txt";"0.9";"/home/cesare/Projects/apriori-and-sons/result/pcy_T40I10D100K_90";"success";"0";"2.3173935413360596"
"pcy_T40I10D100K_sample_90";"pcy";"/home/cesare/Projects/apriori-and-sons/data/benchmark/T40I10D100K_sample.txt";"0.9";"/home/cesare/Projects/apriori-and-sons/result/pcy_T40I10D100K_sample_90";"success";"0";"1.9148123264312744"
"pcy_T10I4D100K_90";"pcy";"/home/cesare/Projects/apriori-and-sons/data/benchmark/T10I4D100K.txt";"0.9";"/home/cesare/Projects/apriori-and-sons/result/pcy_T10I4D100K_90";"success";"0";"1.914379596710205"
"pcy_T10I4D100K_sample_90";"pcy";"/home/cesare/Projects/apriori-and-sons/data/benchmark/T10I4D100K_sample.txt";"0.9";"/home/cesare/Projects/apriori-and-sons/result/pcy_T10I4D100K_sample_90";"success";"0";"1.922494888305664"
"pcy_erode_mushroom_90";"pcy_erode";"/home/cesare/Projects/apriori-and-sons/data/benchmark/mushroom.txt";"0.9";"/home/cesare/Projects/apriori-and-sons/result/pcy_erode_mushroom_90";"success";"9";"2.517237424850464"
"pcy_erode_T40I10D100K_90";"pcy_erode";"/home/cesare/Projects/apriori-and-sons/data/benchmark/T40I10D100K.txt";"0.9";"/home/cesare/Projects/apriori-and-sons/result/pcy_erode_T40I10D100K_90";"success";"0";"2.027254819869995"
"pcy_erode_T40I10D100K_sample_90";"pcy_erode";"/home/cesare/Projects/apriori-and-sons/data/benchmark/T40I10D100K_sample.txt";"0.9";"/home/cesare/Projects/apriori-and-sons/result/pcy_erode_T40I10D100K_sample_90";"success";"0";"1.3640971183776855"
"pcy_erode_T10I4D100K_90";"pcy_erode";"/home/cesare/Projects/apriori-and-sons/data/benchmark/T10I4D100K.txt";"0.9";"/home/cesare/Projects/apriori-and-sons/result/pcy_erode_T10I4D100K_90";"success";"0";"1.461676836013794"
"pcy_erode_T10I4D100K_sample_90";"pcy_erode";"/home/cesare/Projects/apriori-and-sons/data/benchmark/T10I4D100K_sample.txt";"0.9";"/home/cesare/Projects/apriori-and-sons/result/pcy_erode_T10I4D100K_sample_90";"success";"0";"1.29105806350708"
"apriori_python_mushroom_90";"apriori_python";"/home/cesare/Projects/apriori-and-sons/data/benchmark/mushroom.txt";"0.9";"/home/cesare/Projects/apriori-and-sons/result/apriori_python_mushroom_90";"success";"9";"5.433287858963013"
"apriori_python_T40I10D100K_90";"apriori_python";"/home/cesare/Projects/apriori-and-sons/data/benchmark/T40I10D100K.txt";"0.9";"/home/cesare/Projects/apriori-and-sons/result/apriori_python_T40I10D100K_90";"success";"0";"1.5353176593780518"
"apriori_python_T40I10D100K_sample_90";"apriori_python";"/home/cesare/Projects/apriori-and-sons/data/benchmark/T40I10D100K_sample.txt";"0.9";"/home/cesare/Projects/apriori-and-sons/result/apriori_python_T40I10D100K_sample_90";"success";"0";"0.8561584949493408"
"apriori_python_T10I4D100K_90";"apriori_python";"/home/cesare/Projects/apriori-and-sons/data/benchmark/T10I4D100K.txt";"0.9";"/home/cesare/Projects/apriori-and-sons/result/apriori_python_T10I4D100K_90";"success";"0";"0.9324154853820801"
"apriori_python_T10I4D100K_sample_90";"apriori_python";"/home/cesare/Projects/apriori-and-sons/data/benchmark/T10I4D100K_sample.txt";"0.9";"/home/cesare/Projects/apriori-and-sons/result/apriori_python_T10I4D100K_sample_90";"success";"0";"0.8734385967254639"
"apriori_spark_mushroom_90";"apriori_spark";"/home/cesare/Projects/apriori-and-sons/data/benchmark/mushroom.txt";"0.9";"/home/cesare/Projects/apriori-and-sons/result/apriori_spark_mushroom_90";"success";"9";"12.845421075820923"
"apriori_spark_T40I10D100K_90";"apriori_spark";"/home/cesare/Projects/apriori-and-sons/data/benchmark/T40I10D100K.txt";"0.9";"/home/cesare/Projects/apriori-and-sons/result/apriori_spark_T40I10D100K_90";"success";"0";"2.126386880874634"
"apriori_spark_T40I10D100K_sample_90";"apriori_spark";"/home/cesare/Projects/apriori-and-sons/data/benchmark/T40I10D100K_sample.txt";"0.9";"/home/cesare/Projects/apriori-and-sons/result/apriori_spark_T40I10D100K_sample_90";"success";"0";"1.532005786895752"
"apriori_spark_T10I4D100K_90";"apriori_spark";"/home/cesare/Projects/apriori-and-sons/data/benchmark/T10I4D100K.txt";"0.9";"/home/cesare/Projects/apriori-and-sons/result/apriori_spark_T10I4D100K_90";"success";"0";"1.5914661884307861"
"apriori_spark_T10I4D100K_sample_90";"apriori_spark";"/home/cesare/Projects/apriori-and-sons/data/benchmark/T10I4D100K_sample.txt";"0.9";"/home/cesare/Projects/apriori-and-sons/result/apriori_spark_T10I4D100K_sample_90";"success";"0";"1.4240200519561768"
