"son_apriori_mushroom_50";"son_apriori";"/home/cesare/Projects/apriori-and-sons/data/benchmark/mushroom.txt";"0.5";"/home/cesare/Projects/apriori-and-sons/result/son_apriori_mushroom_50";"success";"153";"15.119706869125366"
"son_apriori_mushroom_30";"son_apriori";"/home/cesare/Projects/apriori-and-sons/data/benchmark/mushroom.txt";"0.3";"/home/cesare/Projects/apriori-and-sons/result/son_apriori_mushroom_30";"success";"2735";"139.43737840652466"
"son_apriori_T40I10D100K_50";"son_apriori";"/home/cesare/Projects/apriori-and-sons/data/benchmark/T40I10D100K.txt";"0.5";"/home/cesare/Projects/apriori-and-sons/result/son_apriori_T40I10D100K_50";"success";"0";"44.56480431556702"
"son_apriori_T40I10D100K_30";"son_apriori";"/home/cesare/Projects/apriori-and-sons/data/benchmark/T40I10D100K.txt";"0.3";"/home/cesare/Projects/apriori-and-sons/result/son_apriori_T40I10D100K_30";"success";"0";"44.40029239654541"
"son_apriori_T40I10D100K_sample_50";"son_apriori";"/home/cesare/Projects/apriori-and-sons/data/benchmark/T40I10D100K_sample.txt";"0.5";"/home/cesare/Projects/apriori-and-sons/result/son_apriori_T40I10D100K_sample_50";"success";"0";"14.15453314781189"
"son_apriori_T40I10D100K_sample_30";"son_apriori";"/home/cesare/Projects/apriori-and-sons/data/benchmark/T40I10D100K_sample.txt";"0.3";"/home/cesare/Projects/apriori-and-sons/result/son_apriori_T40I10D100K_sample_30";"success";"0";"14.921232223510742"
"son_apriori_T10I4D100K_50";"son_apriori";"/home/cesare/Projects/apriori-and-sons/data/benchmark/T10I4D100K.txt";"0.5";"/home/cesare/Projects/apriori-and-sons/result/son_apriori_T10I4D100K_50";"success";"0";"43.87563872337341"
"son_apriori_T10I4D100K_30";"son_apriori";"/home/cesare/Projects/apriori-and-sons/data/benchmark/T10I4D100K.txt";"0.3";"/home/cesare/Projects/apriori-and-sons/result/son_apriori_T10I4D100K_30";"success";"0";"44.216591358184814"
"son_apriori_T10I4D100K_sample_50";"son_apriori";"/home/cesare/Projects/apriori-and-sons/data/benchmark/T10I4D100K_sample.txt";"0.5";"/home/cesare/Projects/apriori-and-sons/result/son_apriori_T10I4D100K_sample_50";"success";"0";"23.819664478302002"
"son_apriori_T10I4D100K_sample_30";"son_apriori";"/home/cesare/Projects/apriori-and-sons/data/benchmark/T10I4D100K_sample.txt";"0.3";"/home/cesare/Projects/apriori-and-sons/result/son_apriori_T10I4D100K_sample_30";"success";"0";"23.90239119529724"
"pcy_mushroom_50";"pcy";"/home/cesare/Projects/apriori-and-sons/data/benchmark/mushroom.txt";"0.5";"/home/cesare/Projects/apriori-and-sons/result/pcy_mushroom_50";"success";"153";"1416.437108039856"
"pcy_mushroom_30";"pcy";"/home/cesare/Projects/apriori-and-sons/data/benchmark/mushroom.txt";"0.3";"/home/cesare/Projects/apriori-and-sons/result/pcy_mushroom_30";"success";"2735";"24398.53156852722"
"pcy_T40I10D100K_50";"pcy";"/home/cesare/Projects/apriori-and-sons/data/benchmark/T40I10D100K.txt";"0.5";"/home/cesare/Projects/apriori-and-sons/result/pcy_T40I10D100K_50";"success";"0";"2.3000452518463135"
"pcy_T40I10D100K_30";"pcy";"/home/cesare/Projects/apriori-and-sons/data/benchmark/T40I10D100K.txt";"0.3";"/home/cesare/Projects/apriori-and-sons/result/pcy_T40I10D100K_30";"success";"0";"2.283252239227295"
"pcy_T40I10D100K_sample_50";"pcy";"/home/cesare/Projects/apriori-and-sons/data/benchmark/T40I10D100K_sample.txt";"0.5";"/home/cesare/Projects/apriori-and-sons/result/pcy_T40I10D100K_sample_50";"success";"0";"1.880467414855957"
"pcy_T40I10D100K_sample_30";"pcy";"/home/cesare/Projects/apriori-and-sons/data/benchmark/T40I10D100K_sample.txt";"0.3";"/home/cesare/Projects/apriori-and-sons/result/pcy_T40I10D100K_sample_30";"success";"0";"1.8575208187103271"
"pcy_T10I4D100K_50";"pcy";"/home/cesare/Projects/apriori-and-sons/data/benchmark/T10I4D100K.txt";"0.5";"/home/cesare/Projects/apriori-and-sons/result/pcy_T10I4D100K_50";"success";"0";"2.0411863327026367"
"pcy_T10I4D100K_30";"pcy";"/home/cesare/Projects/apriori-and-sons/data/benchmark/T10I4D100K.txt";"0.3";"/home/cesare/Projects/apriori-and-sons/result/pcy_T10I4D100K_30";"success";"0";"1.9671270847320557"
"pcy_T10I4D100K_sample_50";"pcy";"/home/cesare/Projects/apriori-and-sons/data/benchmark/T10I4D100K_sample.txt";"0.5";"/home/cesare/Projects/apriori-and-sons/result/pcy_T10I4D100K_sample_50";"success";"0";"1.9443058967590332"
"pcy_T10I4D100K_sample_30";"pcy";"/home/cesare/Projects/apriori-and-sons/data/benchmark/T10I4D100K_sample.txt";"0.3";"/home/cesare/Projects/apriori-and-sons/result/pcy_T10I4D100K_sample_30";"success";"0";"1.9149444103240967"
"pcy_erode_mushroom_50";"pcy_erode";"/home/cesare/Projects/apriori-and-sons/data/benchmark/mushroom.txt";"0.5";"/home/cesare/Projects/apriori-and-sons/result/pcy_erode_mushroom_50";"success";"153";"4.432990550994873"
"pcy_erode_mushroom_30";"pcy_erode";"/home/cesare/Projects/apriori-and-sons/data/benchmark/mushroom.txt";"0.3";"/home/cesare/Projects/apriori-and-sons/result/pcy_erode_mushroom_30";"success";"2735";"93.45940971374512"
"pcy_erode_T40I10D100K_50";"pcy_erode";"/home/cesare/Projects/apriori-and-sons/data/benchmark/T40I10D100K.txt";"0.5";"/home/cesare/Projects/apriori-and-sons/result/pcy_erode_T40I10D100K_50";"success";"0";"2.017618179321289"
"pcy_erode_T40I10D100K_30";"pcy_erode";"/home/cesare/Projects/apriori-and-sons/data/benchmark/T40I10D100K.txt";"0.3";"/home/cesare/Projects/apriori-and-sons/result/pcy_erode_T40I10D100K_30";"success";"0";"2.032163381576538"
"pcy_erode_T40I10D100K_sample_50";"pcy_erode";"/home/cesare/Projects/apriori-and-sons/data/benchmark/T40I10D100K_sample.txt";"0.5";"/home/cesare/Projects/apriori-and-sons/result/pcy_erode_T40I10D100K_sample_50";"success";"0";"1.4166631698608398"
"pcy_erode_T40I10D100K_sample_30";"pcy_erode";"/home/cesare/Projects/apriori-and-sons/data/benchmark/T40I10D100K_sample.txt";"0.3";"/home/cesare/Projects/apriori-and-sons/result/pcy_erode_T40I10D100K_sample_30";"success";"0";"1.3983473777770996"
"pcy_erode_T10I4D100K_50";"pcy_erode";"/home/cesare/Projects/apriori-and-sons/data/benchmark/T10I4D100K.txt";"0.5";"/home/cesare/Projects/apriori-and-sons/result/pcy_erode_T10I4D100K_50";"success";"0";"1.504737138748169"
"pcy_erode_T10I4D100K_30";"pcy_erode";"/home/cesare/Projects/apriori-and-sons/data/benchmark/T10I4D100K.txt";"0.3";"/home/cesare/Projects/apriori-and-sons/result/pcy_erode_T10I4D100K_30";"success";"0";"1.41703462600708"
"pcy_erode_T10I4D100K_sample_50";"pcy_erode";"/home/cesare/Projects/apriori-and-sons/data/benchmark/T10I4D100K_sample.txt";"0.5";"/home/cesare/Projects/apriori-and-sons/result/pcy_erode_T10I4D100K_sample_50";"success";"0";"1.311377763748169"
"pcy_erode_T10I4D100K_sample_30";"pcy_erode";"/home/cesare/Projects/apriori-and-sons/data/benchmark/T10I4D100K_sample.txt";"0.3";"/home/cesare/Projects/apriori-and-sons/result/pcy_erode_T10I4D100K_sample_30";"success";"0";"1.3191516399383545"
"apriori_python_mushroom_50";"apriori_python";"/home/cesare/Projects/apriori-and-sons/data/benchmark/mushroom.txt";"0.5";"/home/cesare/Projects/apriori-and-sons/result/apriori_python_mushroom_50";"success";"153";"80.88867831230164"
"apriori_python_mushroom_30";"apriori_python";"/home/cesare/Projects/apriori-and-sons/data/benchmark/mushroom.txt";"0.3";"/home/cesare/Projects/apriori-and-sons/result/apriori_python_mushroom_30";"success";"2735";"1422.095359802246"
"apriori_python_T40I10D100K_50";"apriori_python";"/home/cesare/Projects/apriori-and-sons/data/benchmark/T40I10D100K.txt";"0.5";"/home/cesare/Projects/apriori-and-sons/result/apriori_python_T40I10D100K_50";"success";"0";"1.5201432704925537"
"apriori_python_T40I10D100K_30";"apriori_python";"/home/cesare/Projects/apriori-and-sons/data/benchmark/T40I10D100K.txt";"0.3";"/home/cesare/Projects/apriori-and-sons/result/apriori_python_T40I10D100K_30";"success";"0";"1.5588622093200684"
"apriori_python_T40I10D100K_sample_50";"apriori_python";"/home/cesare/Projects/apriori-and-sons/data/benchmark/T40I10D100K_sample.txt";"0.5";"/home/cesare/Projects/apriori-and-sons/result/apriori_python_T40I10D100K_sample_50";"success";"0";"0.9207696914672852"
"apriori_python_T40I10D100K_sample_30";"apriori_python";"/home/cesare/Projects/apriori-and-sons/data/benchmark/T40I10D100K_sample.txt";"0.3";"/home/cesare/Projects/apriori-and-sons/result/apriori_python_T40I10D100K_sample_30";"success";"0";"0.875870943069458"
"apriori_python_T10I4D100K_50";"apriori_python";"/home/cesare/Projects/apriori-and-sons/data/benchmark/T10I4D100K.txt";"0.5";"/home/cesare/Projects/apriori-and-sons/result/apriori_python_T10I4D100K_50";"success";"0";"0.9524550437927246"
"apriori_python_T10I4D100K_30";"apriori_python";"/home/cesare/Projects/apriori-and-sons/data/benchmark/T10I4D100K.txt";"0.3";"/home/cesare/Projects/apriori-and-sons/result/apriori_python_T10I4D100K_30";"success";"0";"0.967064380645752"
"apriori_python_T10I4D100K_sample_50";"apriori_python";"/home/cesare/Projects/apriori-and-sons/data/benchmark/T10I4D100K_sample.txt";"0.5";"/home/cesare/Projects/apriori-and-sons/result/apriori_python_T10I4D100K_sample_50";"success";"0";"0.8283874988555908"
"apriori_python_T10I4D100K_sample_30";"apriori_python";"/home/cesare/Projects/apriori-and-sons/data/benchmark/T10I4D100K_sample.txt";"0.3";"/home/cesare/Projects/apriori-and-sons/result/apriori_python_T10I4D100K_sample_30";"success";"0";"0.8630950450897217"
"apriori_spark_mushroom_50";"apriori_spark";"/home/cesare/Projects/apriori-and-sons/data/benchmark/mushroom.txt";"0.5";"/home/cesare/Projects/apriori-and-sons/result/apriori_spark_mushroom_50";"success";"153";"135.44518733024597"
"apriori_spark_mushroom_30";"apriori_spark";"/home/cesare/Projects/apriori-and-sons/data/benchmark/mushroom.txt";"0.3";"/home/cesare/Projects/apriori-and-sons/result/apriori_spark_mushroom_30";"error";"0";"0"
"apriori_spark_T40I10D100K_50";"apriori_spark";"/home/cesare/Projects/apriori-and-sons/data/benchmark/T40I10D100K.txt";"0.5";"/home/cesare/Projects/apriori-and-sons/result/apriori_spark_T40I10D100K_50";"success";"0";"2.1961188316345215"
"apriori_spark_T40I10D100K_30";"apriori_spark";"/home/cesare/Projects/apriori-and-sons/data/benchmark/T40I10D100K.txt";"0.3";"/home/cesare/Projects/apriori-and-sons/result/apriori_spark_T40I10D100K_30";"success";"0";"2.133721113204956"
"apriori_spark_T40I10D100K_sample_50";"apriori_spark";"/home/cesare/Projects/apriori-and-sons/data/benchmark/T40I10D100K_sample.txt";"0.5";"/home/cesare/Projects/apriori-and-sons/result/apriori_spark_T40I10D100K_sample_50";"success";"0";"1.527925968170166"
"apriori_spark_T40I10D100K_sample_30";"apriori_spark";"/home/cesare/Projects/apriori-and-sons/data/benchmark/T40I10D100K_sample.txt";"0.3";"/home/cesare/Projects/apriori-and-sons/result/apriori_spark_T40I10D100K_sample_30";"success";"0";"1.5332653522491455"
"apriori_spark_T10I4D100K_50";"apriori_spark";"/home/cesare/Projects/apriori-and-sons/data/benchmark/T10I4D100K.txt";"0.5";"/home/cesare/Projects/apriori-and-sons/result/apriori_spark_T10I4D100K_50";"success";"0";"1.6043522357940674"
"apriori_spark_T10I4D100K_30";"apriori_spark";"/home/cesare/Projects/apriori-and-sons/data/benchmark/T10I4D100K.txt";"0.3";"/home/cesare/Projects/apriori-and-sons/result/apriori_spark_T10I4D100K_30";"success";"0";"1.6211159229278564"
"apriori_spark_T10I4D100K_sample_50";"apriori_spark";"/home/cesare/Projects/apriori-and-sons/data/benchmark/T10I4D100K_sample.txt";"0.5";"/home/cesare/Projects/apriori-and-sons/result/apriori_spark_T10I4D100K_sample_50";"success";"0";"1.4875762462615967"
"apriori_spark_T10I4D100K_sample_30";"apriori_spark";"/home/cesare/Projects/apriori-and-sons/data/benchmark/T10I4D100K_sample.txt";"0.3";"/home/cesare/Projects/apriori-and-sons/result/apriori_spark_T10I4D100K_sample_30";"success";"0";"1.4310979843139648"
