"son_apriori_mushroom_70";"son_apriori";"/home/cesare/Projects/apriori-and-sons/data/benchmark/mushroom.txt";"0.7";"/home/cesare/Projects/apriori-and-sons/result/son_apriori_mushroom_70";"success";"31";"8.445598840713501"
"son_apriori_T40I10D100K_70";"son_apriori";"/home/cesare/Projects/apriori-and-sons/data/benchmark/T40I10D100K.txt";"0.7";"/home/cesare/Projects/apriori-and-sons/result/son_apriori_T40I10D100K_70";"success";"0";"44.41313433647156"
"son_apriori_T40I10D100K_sample_70";"son_apriori";"/home/cesare/Projects/apriori-and-sons/data/benchmark/T40I10D100K_sample.txt";"0.7";"/home/cesare/Projects/apriori-and-sons/result/son_apriori_T40I10D100K_sample_70";"success";"0";"13.916750431060791"
"son_apriori_T10I4D100K_70";"son_apriori";"/home/cesare/Projects/apriori-and-sons/data/benchmark/T10I4D100K.txt";"0.7";"/home/cesare/Projects/apriori-and-sons/result/son_apriori_T10I4D100K_70";"success";"0";"44.46932888031006"
"son_apriori_T10I4D100K_sample_70";"son_apriori";"/home/cesare/Projects/apriori-and-sons/data/benchmark/T10I4D100K_sample.txt";"0.7";"/home/cesare/Projects/apriori-and-sons/result/son_apriori_T10I4D100K_sample_70";"success";"0";"24.391753673553467"
"pcy_mushroom_70";"pcy";"/home/cesare/Projects/apriori-and-sons/data/benchmark/mushroom.txt";"0.7";"/home/cesare/Projects/apriori-and-sons/result/pcy_mushroom_70";"success";"31";"163.21131992340088"
"pcy_T40I10D100K_70";"pcy";"/home/cesare/Projects/apriori-and-sons/data/benchmark/T40I10D100K.txt";"0.7";"/home/cesare/Projects/apriori-and-sons/result/pcy_T40I10D100K_70";"success";"0";"2.3082821369171143"
"pcy_T40I10D100K_sample_70";"pcy";"/home/cesare/Projects/apriori-and-sons/data/benchmark/T40I10D100K_sample.txt";"0.7";"/home/cesare/Projects/apriori-and-sons/result/pcy_T40I10D100K_sample_70";"success";"0";"1.9446604251861572"
"pcy_T10I4D100K_70";"pcy";"/home/cesare/Projects/apriori-and-sons/data/benchmark/T10I4D100K.txt";"0.7";"/home/cesare/Projects/apriori-and-sons/result/pcy_T10I4D100K_70";"success";"0";"1.955918550491333"
"pcy_T10I4D100K_sample_70";"pcy";"/home/cesare/Projects/apriori-and-sons/data/benchmark/T10I4D100K_sample.txt";"0.7";"/home/cesare/Projects/apriori-and-sons/result/pcy_T10I4D100K_sample_70";"success";"0";"1.8983690738677979"
"pcy_erode_mushroom_70";"pcy_erode";"/home/cesare/Projects/apriori-and-sons/data/benchmark/mushroom.txt";"0.7";"/home/cesare/Projects/apriori-and-sons/result/pcy_erode_mushroom_70";"success";"31";"3.3956422805786133"
"pcy_erode_T40I10D100K_70";"pcy_erode";"/home/cesare/Projects/apriori-and-sons/data/benchmark/T40I10D100K.txt";"0.7";"/home/cesare/Projects/apriori-and-sons/result/pcy_erode_T40I10D100K_70";"success";"0";"2.04959774017334"
"pcy_erode_T40I10D100K_sample_70";"pcy_erode";"/home/cesare/Projects/apriori-and-sons/data/benchmark/T40I10D100K_sample.txt";"0.7";"/home/cesare/Projects/apriori-and-sons/result/pcy_erode_T40I10D100K_sample_70";"success";"0";"1.3203301429748535"
"pcy_erode_T10I4D100K_70";"pcy_erode";"/home/cesare/Projects/apriori-and-sons/data/benchmark/T10I4D100K.txt";"0.7";"/home/cesare/Projects/apriori-and-sons/result/pcy_erode_T10I4D100K_70";"success";"0";"1.5209670066833496"
"pcy_erode_T10I4D100K_sample_70";"pcy_erode";"/home/cesare/Projects/apriori-and-sons/data/benchmark/T10I4D100K_sample.txt";"0.7";"/home/cesare/Projects/apriori-and-sons/result/pcy_erode_T10I4D100K_sample_70";"success";"0";"1.3025262355804443"
"apriori_python_mushroom_70";"apriori_python";"/home/cesare/Projects/apriori-and-sons/data/benchmark/mushroom.txt";"0.7";"/home/cesare/Projects/apriori-and-sons/result/apriori_python_mushroom_70";"success";"31";"17.617468118667603"
"apriori_python_T40I10D100K_70";"apriori_python";"/home/cesare/Projects/apriori-and-sons/data/benchmark/T40I10D100K.txt";"0.7";"/home/cesare/Projects/apriori-and-sons/result/apriori_python_T40I10D100K_70";"success";"0";"1.5327045917510986"
"apriori_python_T40I10D100K_sample_70";"apriori_python";"/home/cesare/Projects/apriori-and-sons/data/benchmark/T40I10D100K_sample.txt";"0.7";"/home/cesare/Projects/apriori-and-sons/result/apriori_python_T40I10D100K_sample_70";"success";"0";"0.8695378303527832"
"apriori_python_T10I4D100K_70";"apriori_python";"/home/cesare/Projects/apriori-and-sons/data/benchmark/T10I4D100K.txt";"0.7";"/home/cesare/Projects/apriori-and-sons/result/apriori_python_T10I4D100K_70";"success";"0";"0.9581801891326904"
"apriori_python_T10I4D100K_sample_70";"apriori_python";"/home/cesare/Projects/apriori-and-sons/data/benchmark/T10I4D100K_sample.txt";"0.7";"/home/cesare/Projects/apriori-and-sons/result/apriori_python_T10I4D100K_sample_70";"success";"0";"0.8174967765808105"
"apriori_spark_mushroom_70";"apriori_spark";"/home/cesare/Projects/apriori-and-sons/data/benchmark/mushroom.txt";"0.7";"/home/cesare/Projects/apriori-and-sons/result/apriori_spark_mushroom_70";"success";"31";"110.54900813102722"
"apriori_spark_T40I10D100K_70";"apriori_spark";"/home/cesare/Projects/apriori-and-sons/data/benchmark/T40I10D100K.txt";"0.7";"/home/cesare/Projects/apriori-and-sons/result/apriori_spark_T40I10D100K_70";"success";"0";"2.1114871501922607"
"apriori_spark_T40I10D100K_sample_70";"apriori_spark";"/home/cesare/Projects/apriori-and-sons/data/benchmark/T40I10D100K_sample.txt";"0.7";"/home/cesare/Projects/apriori-and-sons/result/apriori_spark_T40I10D100K_sample_70";"success";"0";"1.5343520641326904"
"apriori_spark_T10I4D100K_70";"apriori_spark";"/home/cesare/Projects/apriori-and-sons/data/benchmark/T10I4D100K.txt";"0.7";"/home/cesare/Projects/apriori-and-sons/result/apriori_spark_T10I4D100K_70";"success";"0";"1.572957992553711"
"apriori_spark_T10I4D100K_sample_70";"apriori_spark";"/home/cesare/Projects/apriori-and-sons/data/benchmark/T10I4D100K_sample.txt";"0.7";"/home/cesare/Projects/apriori-and-sons/result/apriori_spark_T10I4D100K_sample_70";"success";"0";"1.4362893104553223"
